[{"dni": "0942532979", "nombre": "Pedro", "apellido": "Garcia", "valor": 0.1}, {"dni": "0974839284", "nombre": "Gustavo", "apellido": "Mejia", "valor": 0.1}, {"dni": "0987542455", "nombre": "Katty", "apellido": "Velasco", "valor": 0.1}, {"dni": "0983746321", "nombre": "Paula", "apellido": "Bermudez", "valor": 0.1}, {"dni": "0987654878", "nombre": "Pablo", "apellido": "Alcazar", "valor": 0.1}, {"dni": "0905641033", "nombre": "damian", "apellido": "ordi\u00f1ez", "valor": 0}, {"dni": "0969684273", "nombre": "carmita", "apellido": "ochoa", "valor": 0.1}, {"dni": "0929608511", "nombre": "Dennisse", "apellido": "Moran", "valor": 10000}, {"dni": "0955555468", "nombre": "DAMAKIA", "apellido": "ordo\u00f1ez", "valor": 0.1}, {"dni": "0990255354", "nombre": "Michelle", "apellido": "Moran", "valor": 10000}, {"dni": "0985698415", "nombre": "dn", "apellido": "elel", "valor": 10000}, {"dni": "1203125180", "nombre": "jsh", "apellido": "nsjsd", "valor": 0.1}, {"dni": "0705642247", "nombre": "bhbhj", "apellido": "hbnjm", "valor": 0.1}, {"dni": "0705641034", "nombre": "nhubub", "apellido": "njknl", "valor": 0.1}, {"dni": "1203704992", "nombre": "gfg", "apellido": "gfg", "valor": 0.1}, {"dni": "0969385285", "nombre": "kdd", "apellido": "dmfd", "valor": 0.1}, {"dni": "0953634334", "nombre": "cesar", "apellido": "mi\u00f1o", "valor": 0.1}, {"dni": "0705766087", "nombre": "Maria", "apellido": "Condoy", "valor": 0.1}, {"dni": false, "nombre": "carmita", "apellido": "ochoa", "valor": 0.1}, {"dni": "0705641033", "nombre": "damian", "apellido": "ordo\u00f1ez", "valor": 10000}]