[{"factura": 4, "Fecha": "2024-04-27", "dni_de_cliente": "0942532979", "cliente": "carmita ochoa", "subtotal": 315.6, "descuento": 31.560000000000002, "iva": 34.08, "total": 318.12, "detalle": [{"id": 5, "poducto": "Televisor", "precio": 105.2, "cantidad": 3, "stock": 222}]}, {"factura": 5, "Fecha": "2024-04-27", "dni_de_cliente": "0983746321", "cliente": "Gustavo Mejia", "subtotal": 241.0, "descuento": 24.1, "iva": 26.03, "total": 242.93, "detalle": [{"id": 6, "poducto": "Telefono", "precio": 120.5, "cantidad": 2, "stock": 110}]}, {"factura": 6, "Fecha": "2024-04-27", "dni_de_cliente": "0974839284", "cliente": "Gustavo Mejia", "subtotal": 241.0, "descuento": 24.1, "iva": 26.03, "total": 242.93, "detalle": [{"id": 6, "poducto": "Telefono", "precio": 120.5, "cantidad": 2, "stock": 110}]}, {"factura": 7, "Fecha": "2024-04-30", "dni_de_cliente": "0929608511", "cliente": "Dennisse Moran", "subtotal": 701.4, "descuento": 70.14, "iva": 75.75, "total": 707.01, "detalle": [{"id": 5, "poducto": "Televisor", "precio": 105.2, "cantidad": 2, "stock": 222}, {"id": 6, "poducto": "Telefono", "precio": 120.5, "cantidad": 4, "stock": 110}, {"id": 3, "poducto": "Moto", "precio": 1.5, "cantidad": 6, "stock": 900}]}, {"factura": 8, "Fecha": "2024-04-30", "dni_de_cliente": "0929608511", "cliente": "Dennisse Moran", "subtotal": 145.0, "descuento": 14.5, "iva": 15.66, "total": 146.16, "detalle": [{"id": 3, "poducto": "Moto", "precio": 1.5, "cantidad": 5, "stock": 900}, {"id": 9, "poducto": "fanta", "precio": 5.5, "cantidad": 25, "stock": 10}]}]